customerID,Churn
7590-VHVEG,No
,No
,No
,Yes
,No
9305-CDSKC,No
,Yes
,No
,No
,No
,Yes
7469-LKBCI,No
,No
,No
,No
,No
,Yes
,Yes
,No
,Yes
,No
,No
,No
,No
,No
,No
,Yes
,No
,No
8773-HHUOZ,No
,No
,No
6827-IEAUQ,Yes
,No
,No
6234-RAAPL,No
6047-YHPVI,No
6572-ADKRS,No
,No
,No
,No
,No
9867-JCZSP,No
,No
,No
,No
,No
,No
,No
,No
8012-SOUDQ,No
,No
,No
,No
,No
1658-BYGOY,No
,No
,No
,Yes
,Yes
,No
,No
,No
,No
,No
,No
,No
,No
,Yes
,No
,No
,Yes
,No
,No
,No
2673-CXQEU,No
,Yes
,No
,No
3887-PBQAO,No
5919-TMRGD,No
,No
,No
9919-YLNNG,No
0318-ZOPWS,No
,No
,No
,No
,No
,No
,No
,No
,No
,No
,No
,No
9803-FTJCG,Yes
,No
,No
,No
,Yes
,No
7123-WQUHX,Yes
5386-THSLQ,Yes
,No
,No
,No
,No
8597-CWYHH,No
,No
,No
,No
,Yes
,No
,No
,No
,No
5299-RULOA,No
,No
,No
,No
2928-HLDBA,No
,Yes
6497-TILVL,No
,No
,No
,No
,Yes
,No
2639-UGMAZ,No
2876-GZYZC,No
6207-WIOLX,Yes
,No
,No
,No
,Yes
7850-VWJUU,No
,No
,No
,Yes
,No
,No
,No
,No
,No
,No
,No
,No
6440-DKQGE,No
,Yes
,No
3874-EQOEP,No
1679-JRFBR,Yes
9073-ZZIAY,No
,No
,Yes
,No
2749-CTKAJ,Yes
,No
,Yes
8992-VONJD,No
,No
,No
,No
2907-ILJBN,No
6345-FZOQH,No
,No
,No
,No
,No
,No
,No
6727-IOTLZ,No
,Yes
,Yes
,No
,Yes
,No
,Yes
,No
,No
6582-OIVSP,No
,No
,No
,No
1024-GUALD,No
,No
,No
,Yes
,No
,No
,No
,No
,No
,No
2604-IJPDU,No
,No
,No
,Yes
3645-DEYGF,No
9323-HGFWY,No
,No
3363-DTIVD,Yes
,No
,No
,No
,No
,No
,Yes
,No
,No
,No
7157-SMCFK,No
,No
,No
,No
9286-BHDQG,No
0230-WEQUW,No
,No
,No
,No
4443-EMBNA,No
,No
,No
,No
,No
,No
,No
,No
0945-TSONX,No
,No
,No
,No
,No
,No
,No
,Yes
9903-LYSAB,No
,No
9227-UAQFT,No
,No
6614-FHDBO,No
,No
,No
4522-AKYLR,No
,Yes
,No
,No
,No
,Yes
,No
,No
9514-JDSKI,No
,No
,Yes
,No
,No
,No
,No
,No
,No
,No
7529-ZDFXI,No
,No
1950-KSVVJ,No
,No
6292-TOSSS,No
,No
6323-AYBRX,No
,No
4385-GZQXV,Yes
,Yes
,No
,Yes
,No
,No
,No
,No
8645-KWHJO,No
,No
0314-TKOSI,No
,No
,No
9577-WJVCQ,No
9512-UIBFX,No
6202-DYYFX,No
,No
,No
,No
,No
,No
,No
2294-SALNE,No
,No
,No
,Yes
,No
,No
2985-JUUBZ,No
,Yes
,No
,No
,No
8181-YHCMF,No
,No
,No
,No
,Yes
,No
,No
,No
,No
,No
,No
,No
,No
3973-SKMLN,Yes
,No
,No
6745-JEFZB,No
,No
,No
8705-WZCYL,No
,No
,No
,No
5701-YVSVF,No
,No
,Yes
,No
,Yes
,No
,No
0122-OAHPZ,No
,No
,No
6680-NENYN,No
,No
,Yes
1343-EHPYB,No
,Yes
,No
,Yes
,Yes
,No
0021-IKXGC,Yes
2034-GDRCN,Yes
,Yes
,No
,No
,No
,Yes
,No
,No
0623-IIHUG,No
,No
,No
,No
,No
,No
9294-TDIPC,Yes
,No
,No
,No
,No
,Yes
,No
,Yes
,No
,No
6563-VRERX,Yes
,No
,No
,No
,No
,No
6158-HDPXZ,No
,No
2863-IMQDR,Yes
,No
,Yes
,No
8204-YJCLA,No
,No
,No
,No
0533-BNWKF,No
,No
,No
,No
,No
,No
,No
9967-ATRFS,No
,No
,No
,No
,No
,Yes
,No
,No
,No
,No
,No
,No
,No
,No
,Yes
4800-VHZKI,No
,No
,Yes
,No
,No
5973-EJGDP,No
,No
,No
,No
,Yes
,No
,Yes
,No
,No
,No
,No
,No
,No
,Yes
,No
,No
,No
,Yes
,No
,No
,Yes
6048-NJXHX,No
,No
,No
,No
,No
3577-AMVUX,No
,No
,No
,No
,No
1910-FMXJM,No
,No
,No
,No
,No
1090-ESELR,No
,Yes
,No
,Yes
,No
,No
,No
5149-CUZUJ,No
,No
,No
,No
,No
,No
0880-TKATG,No
3811-VBYBZ,No
,No
2996-XAUVF,No
,No
,No
,No
,No
,No
3583-EKAPL,No
,No
,No
9399-APLBT,No
,No
,No
,No
,No
,No
,No
,No
,No
,No
,No
7971-HLVXI,No
9094-AZPHK,Yes
,No
,No
,No
,No
6778-YSNIH,Yes
,No
,No
,No
8205-OTCHB,No
,No
,No
,No
,No
,No
4513-CXYIX,No
,No
7803-XOCCZ,No
,No
5609-CEBID,No
,Yes
,Yes
,No
,No
,No
,No
,No
,No
,No
9412-GHEEC,No
,No
,No
,Yes
,No
,Yes
4109-CYRBD,Yes
,No
,Yes
,No
,No
,No
,No
,No
,No
,No
1403-GYAFU,No
,No
1297-VQDRP,No
,No
,No
,No
5844-QVTAT,No
,No
,No
6859-QNXIQ,No
2782-LFZVW,Yes
,No
,Yes
2817-NTQDO,No
,No
,No
,No
,No
,No
,No
,No
,No
,No
5301-GAUUY,No
,Yes
,Yes
,Yes
2501-XWWTZ,No
,No
,No
,No
,No
,No
7319-VENRZ,No
5846-NEQVZ,No
,No
,No
,No
,Yes
,No
,No
5756-JYOJT,Yes
,No
,No
,No
5150-LJNSR,No
,No
,No
,No
,Yes
,No
2865-TCHJW,No
1423-BMPBQ,No
,No
,No
,No
,No
,No
,No
,Yes
,No
0459-SPZHJ,No
,No
9244-ZVAPM,No
,Yes
8208-EUMTE,No
5172-MIGPM,No
,No
,No
,No
,No
,No
,No
,No
,No
,No
,No
8207-DMRVL,No
,No
,No
,No
,No
,No
,No
,Yes
,No
,No
,No
,No
4881-JVQOD,No
,No
,No
,No
,No
,No
,No
,No
,No
,Yes
,No
,Yes
,Yes
,Yes
,No
,No
,No
,No
4913-EHYUI,Yes
0195-IESCP,Yes
,Yes
4580-TMHJU,No
,No
,Yes
,No
,No
,No
,No
5644-PDMZC,No
,No
9576-ANLXO,No
2024-BASKD,No
,No
,No
,No
,Yes
,No
,No
,No
,No
,No
8095-WANWK,No
,No
,Yes
8755-OGKNA,Yes
,No
7538-GWHML,No
,Yes
,Yes
,No
,No
,No
3276-HDUEG,No
,No
,No
3729-OWRVL,No
,No
,No
,No
,No
1448-PWKYE,Yes
7501-IWUNG,No
,Yes
7251-LJBQN,No
,No
,Yes
,No
,No
,Yes
,Yes
,No
,No
,No
,No
,No
,No
,No
5896-NPFWW,No
,No
8338-QIUNR,Yes
,Yes
9450-TRJUU,No
,No
,No
,No
,No
,Yes
,No
,No
,No
1029-QFBEN,No
,No
,No
,No
,No
5575-TPIZQ,No
,No
,No
,No
,No
4697-LUPSU,No
,No
,No
,No
,No
6549-YMFAW,No
,Yes
,No
,No
,No
6439-GTPCA,No
,No
,No
7564-GHCVB,No
,No
,No
,No
,No
,Yes
,No
,No
,No
5138-WVKYJ,No
,No
1635-FJFCC,No
,Yes
,No
,No
,No
,No
,No
,No
,No
,No
,No
,No
5730-DBDSI,No
,No
2189-WWOEW,No
5684-FJVYR,Yes
,Yes
1894-IGFSG,Yes
,No
,No
,No
4718-DHSMV,No
,No
,No
8728-SKJLR,Yes
,No
,No
,No
,No
,No
,No
,No
,Yes
7314-OXENN,No
,No
,Yes
5676-CFLYY,No
,Yes
,No
,No
,No
,No
,No
2202-OUTMO,No
0810-BDHAW,No
,No
,No
3442-ZHHCC,No
,No
,Yes
,No
,No
,No
,No
,No
,No
,No
,No
8859-AXJZP,No
3174-AKMAS,No
3138-BKYAV,No
9926-PJHDQ,No
,Yes
,No
,No
,No
,No
,No
,Yes
,No
4785-NKHCX,No
3196-NVXLZ,No
6275-YDUVO,Yes
,No
,No
4178-EGMON,No
,No
,No
7975-TZMLR,No
,No
,Yes
,No
,No
,Yes
3104-OWCGK,No
,No
,Yes
,No
3487-EARAT,No
,No
9231-ZJYAM,Yes
4250-WAROZ,No
8184-WMOFI,No
6982-SSHFK,No
6092-QZVPP,Yes
,Yes
0727-BMPLR,No
,Yes
,No
,No
,No
,No
,No
,No
,No
,No
,No
2252-NKNSI,Yes
,No
,No
,No
,No
,No
,No
,No
,No
,Yes
9777-IQHWP,No
0947-MUGVO,No
,No
,No
,Yes
,No
2732-ISEZX,No
,No
,No
,No
1573-LGXBA,No
,Yes
,Yes
,No
,No
,No
,No
,No
9342-VNIMQ,No
9851-KIELU,No
,Yes
,No
,No
5170-PTRKA,No
,No
,No
1258-YMZNM,No
,Yes
,Yes
5898-IGSLP,No
,Yes
,No
,No
,No
,No
,No
,No
,No
,No
1051-GEJLJ,No
9734-YWGEX,No
2719-BDAQO,Yes
,No
0379-DJQHR,No
,No
,Yes
,Yes
,No
,No
,No
,No
,No
,No
,No
,No
,No
,No
,No
,No
,No
,No
,No
,No
,No
5393-HJZSM,No
,No
,Yes
,Yes
,No
,No
,No
5787-KXGIY,No
4750-ZRXIU,No
4198-VFOEA,No
6630-UJZMY,No
5709-LVOEQ,No
,No
,Yes
,No
,Yes
,No
,No
6115-ZTBFQ,No
,No
6680-WKXRZ,No
,No
,No
,Yes
6169-PPETC,No
,No
,Yes
,No
,No
,No
9448-REEVD,No
3261-CQXOL,No
,No
,No
,No
,No
,No
,No
,No
,No
9889-TMAHG,No
,No
,No
,Yes
,No
,No
,No
,No
,No
,No
,No
,No
,No
6646-QVXLR,No
,No
,No
1106-HRLKZ,No
,No
,Yes
8165-ZJRNM,No
,No
,No
3717-OFRTN,No
,No
3280-NMUVX,No
,No
8361-LBRDI,No
4883-KCPZJ,No
,No
7277-KAMWT,No
,No
,No
,No
2545-LXYVJ,No
,No
,No
,No
,No
,No
,Yes
,Yes
9524-EGPJC,No
6993-OHLXR,No
,No
,No
,No
,No
,No
,No
,No
,No
7649-SIJJF,No
,No
3748-FVMZZ,No
9391-TTOYH,Yes
,No
,No
,No
,No
7147-AYBAA,No
,No
,No
,No
8436-BJUMM,No
,No
,No
1352-VHKAJ,No
,No
,No
,No
,No
6445-TNRXS,No
4581-LNWUM,Yes
,No
,No
1236-WFCDV,No
,No
,No
,No
,No
,No
,No
4026-SKKHW,No
,No
,No
,No
,No
,No
,No
,No
,No
,No
,No
,No
0376-YMCJC,No
,No
,No
,No
,No
,No
,No
,No
,No
,No
,No
6166-ILMNY,Yes
,No
7771-ZONAT,No
,No
,No
,Yes
,No
,Yes
,Yes
,No
,No
1751-NCDLI,No
4367-NUYAO,No
,Yes
,No
,Yes
,Yes
,No
,No
,No
9036-CSKBW,No
,No
8590-YFFQO,No
,No
,No
7439-DKZTW,No
4646-QZXTF,Yes
4607-CHPCA,No
,No
,No
,No
,No
,No
,No
8717-VCTXJ,Yes
,No
4159-NAAIX,Yes
,No
,Yes
,No
,No
,No
2176-LVPNX,No
,No
,No
,No
8461-EFQYM,No
,No
,No
1459-QNFQT,No
,No
,No
,No
0074-HDKDG,No
,No
,No
,Yes
,No
0098-BOWSO,No
,No
,Yes
,No
,No
,No
2208-NQBCT,No
,Yes
,No
,No
,No
,Yes
,Yes
,No
2460-NGXBJ,Yes
,No
,No
,No
1430-SFQSA,No
,No
,No
,No
,Yes
8992-CEUEN,No
,Yes
,No
,No
,No
,No
,No
5334-JLAXU,No
,No
,No
,No
9359-UGBTK,No
,No
,No
,No
,No
,No
,No
,No
,No
,No
,No
,Yes
6994-ORCWG,No
,No
3992-YWPKO,No
,No
,No
,No
,No
,No
,No
,No
,No
5673-FSSMF,No
,Yes
,No
,No
,No
,No
,No
,Yes
,No
,No
4468-KAZHE,No
,No
8944-AILEF,No
,No
,Yes
,No
,No
,No
,No
,No
,No
6077-BDPXA,Yes
,No
,No
,No
,Yes
,No
,No
,No
9866-QEVEE,No
,No
,No
,No
,No
2294-DMMUS,Yes
0872-JCPIB,Yes
3055-MJDSB,No
,No
,Yes
3165-HDOEW,No
6581-NQCBA,No
,No
,Yes
,No
9068-VPWQQ,No
,No
,No
,No
1299-AURJA,No
,No
,No
,Yes
,No
,Yes
,No
,No
,No
,No
,No
,No
,No
9408-HRXRK,Yes
,No
7321-PKUYW,No
,No
6766-HFKLA,No
,No
,No
,No
,No
,Yes
,No
,No
,No
,No
9992-UJOEL,No
,No
,No
,Yes
6244-BESBM,No
,No
,No
,No
,No
,No
,Yes
,No
,No
,No
,No
5095-ETBRJ,Yes
,No
,No
,No
3452-FLHYD,No
,No
9531-NSBMR,No
,No
,No
,No
,No
,Yes
8800-ZKRFW,No
,No
,No
,No
,No
8390-FESFV,No
3022-BEXHZ,Yes
,Yes
,No
,No
6198-ZFIOJ,No
,No
,No
,No
,No
,No
,No
,No
,No
,No
1866-NXPSP,No
,No
,Yes
,Yes
3941-XTSKM,No
,No
,No
9831-BPFRI,No
,No
,No
,No
1907-YLNYW,No
,No
,No
,No
,No
,No
,No
,No
,No
4791-QRGMF,Yes
,No
,No
,Yes
,No
,No
,No
1768-ZAIFU,No
,Yes
,No
,No
,No
,No
,No
,No
,No
,No
,Yes
,Yes
,No
,No
,No
,No
,No
,No
,No
,No
9415-DPEWS,No
,No
,No
,No
,No
,No
,No
,Yes
,No
,Yes
,No
7721-JXEAW,Yes
,No
4238-HFHSN,No
,No
5478-JJVZK,No
,No
,No
,No
,No
,No
,No
,No
,No
,No
,No
,No
,No
,No
,No
,Yes
,No
,No
7684-XSZIY,No
,Yes
8621-MNIHH,No
,No
,No
1934-MKPXS,No
,No
,Yes
,No
,No
,Yes
3569-EDBPQ,No
,No
,No
,No
,No
,No
,No
,No
9337-SRRNI,No
,No
,Yes
5223-UZAVK,
0680-DFNNY,
6718-BDGHG,
1666-JZPZT,
3211-AAPKX,
2951-QOQTK,
5899-OUVKV,
8681-ICONS,
4763-PGDPO,
9242-TKFSV,
0743-HNPFG,
3128-YOVTD,
0481-SUMCB,
2811-POVEX,
3012-VFFMN,
2984-AFWNC,
4881-GQJTW,
7876-DNYAP,
2882-WDTBA,
2091-GPPIQ,
3223-DWFIO,
2660-EMUBI,
6968-GMKPR,
2812-SFXMJ,
2003-CKLOR,
0993-OSGPT,
1205-WNWPJ,
2782-JEEBU,
9906-NHHVC,
3766-EJLFL,
5327-CNLUQ,
7552-KEYGT,
2927-QRRQV,
3584-WKTTW,
9504-DSHWM,
6267-DCFFZ,
3533-UVMOM,
4248-QPAVC,
9995-HOTOH,
4999-IEZLT,
8883-ANODQ,
2351-RRBUE,
3049-NDXFL,
2967-MXRAV,
8189-HBVRW,
3500-NSDOA,
5364-XYIRR,
5047-LHVLY,
1442-OKRJE,
3283-WCWXT,
9365-SRSZE,
4735-BJKOU,
0375-HVGXO,
6961-MJKBO,
8640-SDGKB,
8540-ZQGEA,
4137-JOPHL,
6950-TWMYB,
0409-WTMPL,
8763-KIAFH,
3669-WHAFY,
3055-VTCGS,
5687-DKDTV,
7789-HKSBS,
7416-CKTEP,
2178-PMGCJ,
2773-MADBQ,
5149-QYTTU,
5663-QBGIS,
3030-YDNRM,
8958-JPTRR,
7369-TRPFD,
3669-OYSJI,
5129-HHMZC,
9637-CDTKZ,
6474-FVJLC,
8840-DQLGN,
6695-FRVEC,
4193-ORFCL,
8563-OYMQY,
5777-ZPQNC,
2272-UOINI,
8232-UTFOZ,
3750-YHRYO,
3221-CJMSG,
2484-DGXPZ,
4587-NUKOX,
7297-DVYGA,
4890-VMUAV,
9261-WDCAF,
8229-BUJHX,
5504-WSIUR,
8183-ONMXC,
9614-RMGHA,
0564-MUUQK,
3737-XBQDD,
5445-UTODQ,
9675-ICXCT,
3424-NMNBO,
9885-MFVSU,
0607-MVMGC,
9993-LHIEB,
3858-VOBET,
0224-HJAPT,
9430-FRQOC,
7328-OWMOM,
5155-AZQPB,
8861-HGGKB,
2546-KZAAT,
0308-GIQJT,
3546-GHEAE,
7519-JTWQH,
2038-LLMLM,
6173-ITPWD,
9734-UYXQI,
4138-NAXED,
2189-UXTKY,
5153-RTHKF,
1852-QSWCD,
5804-HYIEZ,
4897-QSUYC,
3933-DQPWX,
8957-THMOA,
0842-IWYCP,
7707-PYBBH,
7802-EFKNY,
8311-UEUAB,
5858-EAFCZ,
1763-WQFUK,
1391-UBDAR,
2560-WBWXF,
7978-DKUQH,
2737-YNGYW,
7101-HRBLJ,
5159-YFPKQ,
6418-PIQSP,
1136-XGEQU,
5970-GHJAW,
7622-FWGEW,
6922-NCEDI,
6131-IUNXN,
0380-NEAVX,
4312-GVYNH,
8495-LJDFO,
0839-JTCUD,
2234-EOFPT,
3298-QEICA,
3496-LFSZU,
4500-HKANN,
3378-AJRAO,
0866-QLSIR,
6050-FFXES,
7181-BQYBV,
0829-DDVLK,
4529-CKBCL,
5732-IKGQH,
9239-GZHZE,
4140-MUHUG,
0093-EXYQL,
1587-FKLZB,
8963-JLGJT,
4307-KTUMW,
4056-QHXHZ,
2027-FECZV,
2672-DZUOY,
3870-MQAMG,
4813-HQMGZ,
9154-QDGTH,
7928-VJYAB,
3097-PYWXL,
9121-PHQSR,
3211-ILJTT,
4612-THJBS,
7089-RKVSZ,
2683-JXWQQ,
9755-JHNMN,
9251-WNSOD,
4373-VVHQL,
7268-IGMFD,
0235-KGSLC,
3757-NJYBX,
7318-EIVKO,
5141-ZUVBH,
1089-HDMKP,
2929-ERCFZ,
6619-RPLQZ,
3275-RHRNE,
3893-JRNFS,
0142-GVYSN,
1049-FYSYG,
2519-FAKOD,
8406-LNMHF,
0023-UYUPN,
8884-MRNSU,
9050-IKDZA,
3325-FUYCG,
2585-KTFRE,
1740-CSDJP,
7717-BICXI,
2636-OHFMN,
9921-ZVRHG,
1174-FGIFN,
1552-TKMXS,
9206-GVPEQ,
1596-BBVTG,
1134-YWTYF,
0679-TDGAK,
3707-GNWHM,
7016-NVRIC,
0447-RXSGD,
4927-WWOOZ,
3133-PZNSR,
9825-YCXWZ,
8565-HBFNN,
2000-DHJUY,
0952-KMEEH,
0654-PQKDW,
9137-NOQKA,
8263-QMNTJ,
8178-EYZUO,
0407-BDJKB,
8216-AZUUZ,
9153-BTBVV,
7748-UMTRK,
0380-ZCSBI,
7145-FEJWU,
9624-EGDEQ,
7576-OYWBN,
5945-AZYHT,
1790-NESIO,
4446-BZKHU,
5976-JCJRH,
0137-OCGAB,
3336-JORSO,
7799-DSEWS,
8766-PAFNE,
8562-GHPPI,
4986-MXSFP,
3301-LSLWQ,
8780-YRMTT,
8414-OOEEL,
4531-AUZNK,
2150-OEGBV,
8429-XIBUM,
9462-MJUAW,
8128-YVJRG,
5445-GLVOT,
7598-UAASY,
5133-VRSAB,
5996-DAOQL,
7274-CGTOD,
6402-SSEJG,
1143-NMNQJ,
2371-JUNGC,
7693-QPEFS,
0924-BJCRC,
5074-FBGHB,
5624-BQSSA,
8929-KSWIH,
3572-UOLYZ,
1429-UYJSV,
7503-QQRVF,
4860-YZGZM,
4016-BJKTZ,
2790-XUYMV,
1023-BQXZE,
1017-FBQMM,
9170-GYZJC,
4884-LEVMQ,
3638-DIMPH,
7299-GNVPL,
9743-DQKQW,
6838-HVLXG,
1897-OKVMW,
7517-LDMPS,
7244-KXYZN,
0310-MVLET,
0428-IKYCP,
4003-OCTMP,
9830-ECLEN,
1732-VHUBQ,
9522-ZSINC,
0679-IDSTG,
2115-BFTIW,
4139-JPIAM,
3348-CFRNX,
2931-XIQBR,
2606-PKWJB,
5220-AGAAX,
6313-GIDIT,
6176-YJWAS,
5311-IHLEI,
2576-HXMPA,
7587-AOVVU,
9348-ROUAI,
3043-TYBNO,
5906-BFOZT,
6765-MBQNU,
7613-LLQFO,
9513-DXHDA,
3801-HMYNL,
0516-QREYC,
2160-GPFXD,
0238-WHBIQ,
8735-NBLWT,
8740-XLHDR,
3923-CSIHK,
7317-GGVPB,
1550-LOAHA,
5117-ZSMHQ,
0960-HUWBM,
7319-ZNRTR,
2858-MOFSQ,
7503-EPSZW,
7855-DIWPO,
7005-CCBKV,
1810-BOHSY,
5762-TJXGK,
5277-ZLOOR,
2141-RRYGO,
1777-JYQPJ,
3401-URHDA,
8631-XVRZL,
1898-JSNDC,
0315-LVCRK,
5505-OVWQW,
6860-YRJZP,
5038-ETMLM,
8809-XKHMD,
5307-DZCVC,
6692-YQHXC,
3889-VWBID,
1432-FPAXX,
7080-TNUWP,
5649-ANRML,
5924-IFQTT,
3629-WEAAM,
6029-CSMJE,
3030-YZADT,
9281-OFDMF,
1834-WULEG,
5044-XDPYX,
6568-POCUI,
7682-AZNDK,
5384-ZTTWP,
3745-HRPHI,
4359-INNWN,
3481-JHUZH,
3594-IVHJZ,
5960-MVTUK,
3567-PQTSO,
8043-PNYSD,
2703-AMTUL,
8173-RXAYP,
4825-XJGDM,
3629-ZNKXA,
9722-UJOJR,
0464-WJTKO,
4132-KALRO,
6772-KSATR,
7112-OPOTK,
4293-ETKAP,
7586-ZATGZ,
5828-AVIPD,
9626-VFRGG,
2041-JIJCI,
2229-VWQJH,
7774-OJSXI,
0136-IFMYD,
9643-AVVWI,
2706-QZIHY,
6685-GBWJZ,
5043-TRZWM,
7657-DYEPJ,
4573-JKNAE,
1513-XNPPH,
8690-ZVLCL,
6015-VVHHE,
0384-LPITE,
6347-DCUIK,
2172-EJXVF,
9124-LHCJQ,
3642-BYHDO,
5766-FTRTS,
6285-FTQBF,
1474-JUWSM,
9617-INGJY,
7636-PEPNS,
4683-WYDOU,
3096-WPXBT,
4299-OPXEJ,
4951-UKAAQ,
0744-GKNGE,
7056-IMHCC,
4837-PZTIC,
1063-DHQJF,
2947-DOMLJ,
2430-USGXP,
8174-TBVCF,
0428-AXXLJ,
3508-VLHCZ,
5996-NRVXR,
2000-MPKCA,
5473-KHBPS,
0100-DUVFC,
5397-TUPSH,
7274-RTAPZ,
2669-OIDSD,
9402-ORRAH,
2558-BUOZZ,
0975-VOOVL,
0426-TIRNE,
3678-MNGZX,
2368-GAKKQ,
3199-XGZCY,
3785-KTYSH,
4063-EIKNQ,
6993-YCOBK,
7587-RZNME,
6036-TTFYU,
5889-JTMUL,
2880-FPNAE,
4311-QTTAI,
4318-RAJVY,
2165-VOEGB,
9028-LIHRP,
8914-RBTSB,
0963-ZBDRN,
7820-ZYGNY,
4317-VTEOA,
9677-AVKED,
0260-ZDLGK,
7860-UXCRM,
9540-JYROE,
3038-PQIUY,
9313-CDOGY,
5693-PIPCS,
6479-VDGRK,
5186-EJEGL,
2203-GHNWN,
3258-SYSWS,
5296-PSYVW,
6319-QSUSR,
4083-EUGRJ,
1771-OADNZ,
0487-CRLZF,
1991-VOPLL,
0174-QRVVY,
6410-LEFEN,
7826-VVKWT,
1353-GHZOS,
2587-EKXTS,
5899-MQZZL,
6849-OYAMU,
5312-UXESG,
9488-HGMJH,
7159-FVYPK,
6088-BXMRG,
3144-AUDBS,
9220-CXRSC,
4993-JCRGJ,
9209-NWPGU,
0655-YDGFJ,
1097-FSPVW,
8328-SKJNO,
1965-DDBWU,
3635-QQRQD,
4950-BDEUX,
1548-ARAGG,
2522-AHJXR,
0412-UCCNP,
6674-KVJHG,
5821-MMEIL,
1335-MXCSE,
8873-TMKGR,
8800-JOOCF,
0064-YIJGF,
1725-IQNIY,
7973-DZRKH,
2533-QVMSK,
9773-PEQBZ,
9306-CPCBC,
8819-ZBYNA,
9481-IEBZY,
8747-UDCOI,
6946-LMSQS,
9169-BSVIN,
3932-CMDTD,
1080-BWSYE,
0365-BZUWY,
1099-BTKWT,
7340-KEFQE,
4521-YEEHE,
4503-BDXBD,
5989-AXPUC,
8015-IHCGW,
2773-OVBPK,
5759-RCVCB,
3882-IYOIJ,
3871-IKPYH,
6319-IEJWJ,
8849-PRIQJ,
1304-NECVQ,
8285-ABVLB,
8720-RQSBJ,
4537-CIBHB,
5154-VEKBL,
5655-JSMZM,
5915-ANOEI,
4652-NNHNY,
4778-IZARL,
1200-TUZHR,
6242-FEGFD,
6986-IXNDM,
2565-JSLRY,
8570-KLJYJ,
7754-IXRMC,
4334-HOWRP,
1329-VHWNP,
2984-MIIZL,
5590-YRFJT,
5574-NXZIU,
4054-CUMIA,
9581-GVBXT,
8152-VETUR,
7446-YPODE,
9522-BNTHX,
1629-DQQVB,
1915-IOFGU,
3045-XETSH,
4872-VXRIL,
3423-HHXAO,
0531-ZZJWQ,
0916-QOFDP,
0628-CNQRM,
9974-JFBHQ,
5055-BRMNE,
2650-GYRYL,
0576-WNXXC,
3005-TYFRD,
9821-POOTN,
9142-XMYJH,
4229-CZMLL,
6904-JLBGY,
9253-VIFJQ,
7858-GTZSP,
6917-IAYHD,
7572-KPVKK,
3737-GCSPV,
7137-NAXML,
5934-RMPOV,
4088-YLDSU,
4395-PZMSN,
8706-HRADD,
4385-ZKVNW,
9031-ZVQPT,
4644-OBGFZ,
7926-IJOOU,
6480-YAGIY,
3519-ZKXGG,
5108-ADXWO,
4664-NJCMS,
7629-WFGLW,
6481-LXPWL,
1567-DSCIC,
5161-UBZXI,
0565-JUPYD,
2157-MXBJS,
9732-EQMWY,
1087-UDSIH,
5269-NRGDP,
8818-DOPVL,
5198-HQAEN,
5955-EPOAZ,
2228-BZDEE,
7596-LDUXP,
5324-KTGCG,
5599-HVLTW,
6873-UDNLD,
2700-LUEVA,
0958-YHXGP,
2200-DSAAL,
4302-ZYFEL,
1518-OMDIK,
6253-WRFHY,
9133-AYJZG,
8430-TWCBX,
6741-QRLUP,
3340-QBBFM,
8212-CRQXP,
7663-YJHSN,
1307-ATKGB,
0848-ZGQIJ,
0378-XSZPU,
1544-JJMYL,
4729-XKASR,
3059-NGMXB,
3486-HOOGQ,
5061-PBXFW,
8630-FJLIB,
3716-LRGXK,
2263-SFSQZ,
3134-DSHVC,
4925-LMHOK,
8410-BGQXN,
8280-MQRQN,
1619-YWUBB,
7611-YKYTC,
0365-GXEZS,
7083-YNSKY,
8242-JSVBO,
2479-BRAMR,
9541-ZPSEA,
2665-NPTGL,
8644-XYTSV,
7465-ZZRVX,
7251-XFOIL,
0442-ZXKVS,
8606-OEGQZ,
4702-IOQDC,
6178-KFNHS,
3633-CDBUW,
0707-HOVVN,
3956-MGXOG,
7305-ZWMAJ,
9518-XXBXE,
2607-FBDFF,
9029-FEGVJ,
4329-YPDDQ,
3750-CKVKH,
8063-GBATB,
9415-TPKRV,
3709-OIJEA,
8746-OQQRW,
5201-USSQZ,
2105-PHWON,
4658-HCOHW,
1834-ABKHQ,
3932-IJWDZ,
1240-HCBOH,
8065-BVEPF,
3796-ENZGF,
0626-QXNGV,
4290-BSXUX,
8705-DWKTI,
0325-XBFAC,
1202-KKGFU,
6112-KTHFQ,
1820-DJFPH,
1853-UDXBW,
5458-CQJTA,
5032-MIYKT,
4530-NDRKU,
5985-TBABQ,
6616-AALSR,
3884-UEBXB,
8780-RSYYU,
0980-FEXWF,
8443-WVPSS,
1986-PHGZF,
9360-OMDZZ,
2988-GBIVW,
0594-UFTUL,
9128-CPXKI,
0129-KPTWJ,
5855-EIBDE,
5365-LLFYV,
7550-WIQVA,
7581-EBBOU,
7813-ZGGAW,
1052-QJIBV,
8884-FEEWR,
8849-AYPTR,
9518-IMLHK,
1582-RAFML,
8740-CRYFY,
3569-VLDHH,
4001-TSBTV,
0018-NYROU,
6175-IRFIT,
1622-HSHSF,
4948-WBBKL,
9300-AGZNL,
3717-LNXKW,
2207-RYYRL,
9565-JSNFM,
8348-JLBUG,
2664-XJZNO,
3389-YGYAI,
8696-JKZNU,
3721-CNEYS,
8727-JQFHV,
9475-NNDGC,
3688-FTHLT,
5825-XJOCM,
2320-YKQBO,
1193-RTSLK,
2302-ANTDP,
2305-MRGLV,
5304-EFJLP,
9746-MDMBK,
3162-ZJZFU,
8639-NHQEI,
7161-DFHUF,
8242-PDSGJ,
4298-OYIFC,
3217-FZDMN,
7088-FBAWU,
3943-KDREE,
9239-ZBZZV,
2303-PJYHN,
8595-SIZNC,
4827-DPADN,
5846-ABOBJ,
1699-TLDLZ,
9367-TCUYN,
5231-FIQPA,
4815-TUMEQ,
9909-IDLEK,
4092-OFQZS,
3262-EIDHV,
7354-OIJLX,
6907-NZZIJ,
5673-TIYIB,
6551-ZCOTS,
4879-GZLFH,
2507-QZPQS,
5707-ZMDJP,
8779-YIQQA,
7136-IHZJA,
7074-STDCN,
8739-QOTTN,
6861-OKBCE,
9070-BCKQP,
8878-RYUKI,
7267-FRMJW,
2982-VPSGI,
0620-DLSLK,
3850-OKINF,
6892-XPFPU,
8010-EZLOU,
3727-OVPRY,
6196-HBOBZ,
3970-XGJDU,
5562-YJQGT,
8807-OPMBM,
8294-UIMBA,
5928-QLDHB,
0696-UKTOX,
6135-OZQVA,
2480-SQIOB,
4350-ZTLPI,
7570-WELNY,
1676-MQAOA,
0786-IVLAW,
0734-OXWBT,
2983-ZANRP,
7845-URHJN,
3976-NLDEZ,
6854-EXGSF,
3589-PPVKW,
7841-FCRQD,
2056-EVGZL,
5366-IJEQJ,
1981-INRFU,
2615-YVMYX,
8634-CILSZ,
9309-BZGNT,
7673-BQGKU,
6574-MCOEH,
5647-FXOTP,
9110-HSGTV,
9564-KCLHR,
2535-PBCGC,
2082-CEFLT,
8731-WBBMB,
1448-CYWKC,
5747-PMBSQ,
3370-GQEAL,
4254-QPEDE,
9788-HNGUT,
9495-REDIY,
4724-WXVWF,
5143-EGQFK,
4919-IKATY,
3810-PJUHR,
9860-LISIZ,
0877-SDMBN,
9229-RQABD,
5320-BRKGK,
6284-KMNUF,
3137-LUPIX,
8676-OOQEJ,
9095-HFAFX,
2589-AYCRP,
0292-WEGCH,
9786-YWNHU,
6005-OBZPH,
9715-SBVSU,
7173-TETGO,
2300-RQGOI,
5995-WWKKG,
7432-FFVAR,
5959-BELXA,
4456-RHSNB,
2506-TNFCO,
2725-TTRIQ,
3374-TTZTK,
8990-ZXLSU,
7794-JASDG,
0804-XBFBV,
3703-TTEPD,
0196-VULGZ,
8837-VVWLQ,
2208-NKVVH,
7614-QVWQL,
1976-CFOCS,
5753-QQWPW,
9574-RKJIF,
2043-WVTQJ,
5044-LRQAQ,
1333-PBMXB,
6546-OPBBH,
5919-VCZYM,
8174-LNWMW,
7964-VEXDG,
7880-XSOJX,
9611-CTWIH,
8746-BFOAJ,
6629-CZTTH,
8023-QHAIO,
8133-ANHHJ,
0013-EXCHZ,
5550-VFRLC,
5546-BYZSM,
8859-YSTWS,
5271-YNWVR,
6051-PTVNS,
1794-HBQTJ,
9705-ZJBCG,
4818-DRBQT,
1320-HTRDR,
9334-GWGOW,
0601-WZHJF,
4423-JWZJN,
0231-LXVAP,
1121-QSIVB,
7812-FZHPE,
6370-ZVHDV,
0193-ESZXP,
4475-NVTLU,
4369-HTUIF,
9585-KKMFD,
3948-FVVRP,
5327-XOKKY,
0654-HMSHN,
3312-ZWLGF,
6297-NOOPG,
1891-UAWWU,
8050-DVOJX,
6108-OQZDQ,
6064-ZATLR,
7824-PANSQ,
2888-ADFAO,
7167-PCEYD,
8882-TLVRW,
5883-GTGVD,
9730-DRTMJ,
2398-YPMUR,
1431-CYWMH,
1183-CANVH,
2237-ZFSMY,
1415-YFWLT,
8661-BOYNW,
4815-GBTCD,
0980-PVMRC,
7233-DRTRF,
1555-HAPSU,
9102-IAYHT,
8099-MZPUJ,
0402-OAMEN,
9846-GKXAS,
9822-BIIGN,
7136-RVDTZ,
9958-MEKUC,
0378-NHQXU,
2621-UDNLU,
0733-VUNUW,
3538-WZPHD,
3229-USWAR,
4785-QRJHC,
9693-XMUOB,
0383-CLDDA,
3549-ZTMNH,
6172-FECYY,
1455-HFBXA,
1965-AKTSX,
5144-PQCDZ,
1830-IPXVJ,
8398-TBIYD,
9971-ZWPBF,
4712-AUQZO,
5995-OIGLP,
8421-WZOOW,
6261-RCVNS,
4430-YHXGG,
2957-JIRMN,
7163-OCEQI,
8019-ENHXU,
2324-EFHVG,
3721-CNZHX,
3585-YNADK,
5567-WSELE,
3462-BJQQA,
3727-RJMEO,
6736-DHUQI,
1360-RCYRT,
2724-FJDYW,
4451-RWASJ,
5917-HBSDW,
4482-FTFFX,
9090-SGQXL,
1689-YQBYY,
7325-ENZFI,
3920-HIHMQ,
0613-WUXUM,
8097-OMULG,
5081-NWSUP,
8319-QBEHW,
3063-QFSZL,
9605-WGJVW,
9114-DPSIA,
9812-GHVRI,
7445-WMRBW,
9924-JPRMC,
6218-KNUBD,
9638-JIQYA,
3982-XWFZQ,
5010-IPEAQ,
6383-ZTSIW,
0118-JPNOY,
6776-TLWOI,
4077-CROMM,
8650-RHRKE,
4937-QPZPO,
4789-KWMXN,
2868-LLSKM,
0071-NDAFP,
0909-SELIE,
2446-BEGGB,
0042-JVWOJ,
0130-SXOUN,
2330-PQGDQ,
1452-UZOSF,
9962-BFPDU,
5180-UCIIQ,
6521-YYTYI,
4759-PXTAN,
2661-GKBTK,
0458-HEUZG,
2578-JQPHZ,
9746-UGFAC,
7977-HXJKU,
0864-FVJNJ,
7356-IWLFW,
9250-WYPLL,
0691-NIKRI,
5022-JNQEQ,
4129-LYCOI,
3323-CPBWR,
8735-DCXNF,
8079-XRJRS,
1027-LKKQQ,
5309-TAIKL,
8884-ADFVN,
0848-SOMKO,
1293-BSEUN,
1302-TPUBN,
7851-FLGGQ,
0637-UBJRP,
0940-OUQEC,
0702-PGIBZ,
1963-VAUKV,
3777-XROBG,
3999-WRNGR,
3466-RITXD,
2974-GGUXS,
3258-ZKPAI,
6728-CZFEI,
2486-WYVVE,
1422-DGUBX,
2346-LOCWC,
0298-XACET,
2995-YWTCD,
3685-YLCMQ,
7945-PRBVF,
0859-YGKFW,
7196-LIWRH,
3518-FSTWG,
2911-IJORQ,
4310-KEDTB,
4753-PADAS,
6103-QCKFX,
5708-EVONK,
0616-ATFGB,
1963-SVUCV,
2754-VDLTR,
3190-XFANI,
4957-SREEC,
5195-KPUNQ,
3439-GVUSX,
5712-PTIWW,
5203-XEHAX,
6661-HBGWL,
1309-BXVOQ,
9317-WZPGV,
2856-HYAPG,
8969-PRHFK,
6813-GZQCG,
3389-KTRXV,
1031-IIDEO,
5702-KVQRD,
7632-MNYOY,
1000-AJSLD,
8690-UPCZI,
8822-KNBHV,
4662-EKDPQ,
6437-UDQJM,
4990-ALDGW,
8006-PYCSW,
8249-THVEC,
2164-SOQXL,
5850-BDWCY,
0827-ITJPH,
4779-ZGICK,
6810-VCAEX,
0674-EYYZV,
1395-OFUWC,
0872-NXJYS,
2346-CZYIL,
1442-BQPVU,
3978-YNKDD,
9412-ARGBX,
1389-CXMLU,
9589-ABEPT,
8292-FRFZQ,
7895-VONWT,
4526-RMTLL,
4566-NECEV,
6906-MPARY,
0516-OOHAR,
2272-QAGFO,
3545-CNWRG,
9530-GRMJG,
5481-NTDOH,
0685-MLYYM,
2380-DAMQP,
0164-XAIRP,
7558-IMLMT,
3590-TCXTB,
6994-KERXL,
8469-SNFFH,
1241-FPMOF,
7660-HDPJV,
9845-QOMAD,
1488-SYSFC,
4919-MOAVT,
9867-XOBQA,
3090-HAWSU,
1047-RNXZV,
7562-UXTPG,
4323-OHFOW,
9274-CNFMO,
8992-JQYUN,
2446-PLQVO,
7976-CICYS,
1036-GUDCL,
9451-LPGOO,
9173-IVZVP,
6229-LSCKB,
6127-IYJOZ,
5916-QEWPT,
0657-DOGUM,
8792-AOROI,
3452-SRFEG,
4070-OKWVH,
2990-HWIML,
0682-USIXD,
2363-BJLSL,
5820-PTRYM,
9945-PSVIP,
0530-IJVDB,
2215-ZAFGX,
5136-GFPMB,
2595-KIWPV,
9398-MMQTO,
1450-SKCVI,
5306-BVTKJ,
6797-LNAQX,
2075-RMJIK,
3078-ZKNTS,
1264-FUHCX,
6664-FPDAC,
0422-UXFAP,
8468-FZTOE,
6633-SYEUS,
3585-ISXZP,
2523-EWWZL,
0928-XUTSN,
9586-JGQKH,
9347-AERRL,
7703-ZEKEF,
0723-DRCLG,
5482-NUPNA,
1685-BQULA,
9053-EJUNL,
7203-OYKCT,
7398-LXGYX,
2823-LKABH,
3605-JISKB,
2569-WGERO,
2234-XADUH,
